report_id,study_id,study_id_clean,result_id,author,year,country,region,design,setting,diagnosis,diagnostic_tool,n_total,pct_male,mean_age,sd_age,follow_up_months,timepoint_months,effect_type,outcome_domain,outcome_measure,outcome_definition,outcome_basis,events,n_assessed,events_intervention,n_intervention,events_control,n_control,intervention_name,comparator,r,n_r,group1_label,mean1,sd1,n1,group2_label,mean2,sd2,n2,reported_es_type,reported_es,reported_ci_low,reported_ci_high,reported_p,quality_tool,quality_rating,page_source,extractor,checker,notes,author_key,year_online,study_key,study_label,events_raw,n_assessed_raw,timepoint_months_raw,events_intervention_raw,events_control_raw,n_control_raw
1,ABDELBAKI_002,ABDELBAKI_2013,ABDELBAKI_2013__proportion__competitive_employment__12m,Abdel-Baki,2013,Canada,North America,Cohort,Outpatient,FEP,DSM-IV,97,78.3,23.5,NA,60,12,proportion,employment,Competitive employment,Paid employment /occupation at 12 months,point,55,97,NA,NA,NA,NA,,,NA,NA,,NA,NA,NA,,NA,NA,NA,proportion,0.5670000000000001,NA,NA,,EPHPP,Weak,p.3 Figure 3,YN,HZ,,ABDELBAKI,2013,ABDELBAKI_2013,Abdel-Baki 2013,55,97,12,NA,NA,NA
2,ANDERSEN_001,ANDERSEN_2024,ANDERSEN_2024__proportion__competitive_employment__12m,Andersen,2024,Australia,Oceania,Cohort,Outpatient,FEP,CAARMS,1574,66.7,19.8,2.8,12,12,proportion,employment,Competitive employment,Working in a job (part-time or full-time) at the time of assessment,point,205,578,NA,NA,NA,NA,,,NA,NA,,NA,NA,NA,,NA,NA,NA,proportion,0.355,NA,NA,,EPHPP,Weak,p.6 Table 2,YN,HZ,,ANDERSEN,2024,ANDERSEN_2024,Andersen 2024,205,578,12,NA,NA,NA
3,CHUA_001,CHUA_2019,CHUA_2019__proportion__meaningful_employment__24m,Chua,2019,Singapore,Asia,Cohort,Outpatient,FEP,DSM-IV,1177,49.2,27.5,6.5,24,24,proportion,employment,Meaningful employment,Gainfully employed or engaged in an age-appropriate role at 24-month endpoint,point,829,1177,NA,NA,NA,NA,,,NA,NA,,NA,NA,NA,,NA,NA,NA,proportion,0.704,NA,NA,,EPHPP,Moderate,p.3 Results,YN,HZ,,CHUA,2019,CHUA_2019,Chua 2019,829,1177,24,NA,NA,NA
4,CRAIG_001,CRAIG_2014,CRAIG_2014__proportion__open_employment__12m,Craig,2014,UK,Europe,RCT,Outpatient,FEP,Clinical diagnosis,159,73,24,4.5,12,12,proportion,employment,Open employment,Paid job at or above minimum wage in a mainstream setting at 12-month follow-up,point,41,134,NA,NA,NA,NA,,,NA,NA,,NA,NA,NA,,NA,NA,NA,proportion,0.258,NA,NA,,EPHPP,Moderate,p.4 Table 2,YN,HZ,,CRAIG,2014,CRAIG_2014,Craig 2014,41,159,12,NA,NA,NA
5,CRAIG_002,CRAIG_2014,CRAIG_2014__trial_binary__open_employment__12m,Craig,2014,UK,Europe,RCT,Outpatient,FEP,Clinical diagnosis,159,73,24,4.5,12,12,trial_binary,employment,Open employment,Paid job at or above minimum wage in a mainstream setting at 12-month follow-up,point,NA,NA,29,68,12,66,IPS + Motivational Interviewing (MI),IPS,NA,NA,,NA,NA,NA,,NA,NA,NA,RR,2.3899999999999997,1.5,16.6,p < 0.05,EPHPP,Moderate,p.4 Table 2 and Results,YN,HZ,,CRAIG,2014,CRAIG_2014,Craig 2014,NA,NA,12,29,12,66
6,DUDLEY_001,DUDLEY_2014,DUDLEY_2014__proportion__any_paid_employment__12m,Dudley,2014,UK,Europe,Cohort,Outpatient,FEP,Clinical diagnosis,194,73.5,24.8,5.2,12,12,proportion,employment,Any paid employment,Full-time or part-time employment at 12-month follow-up,point,30,194,NA,NA,NA,NA,,,NA,NA,,NA,NA,NA,,NA,NA,NA,proportion,0.15500000000000003,NA,NA,,EPHPP,Moderate,p.4 Table 2,YN,HZ,,DUDLEY,2013,DUDLEY_2013,Dudley 2014,30,194,12,NA,NA,NA
7,DUDLEY_002,DUDLEY_2014,DUDLEY_2014__trial_binary__any_paid_employment__12m,Dudley,2014,UK,Europe,Cohort,Outpatient,FEP,Clinical diagnosis,194,73.5,24.8,5.2,12,12,trial_binary,employment,Any paid employment,Full-time or part-time employment at 12-month follow-up,point,NA,NA,18,104,12,90,IPS + EIP,EIP,NA,NA,,NA,NA,NA,,NA,NA,NA,RR,1.3,NA,NA,,EPHPP,Moderate,p.4 Results,YN,HZ,,DUDLEY,2013,DUDLEY_2013,Dudley 2014,NA,NA,12,18,12,90
8,EACK_001,EACK_2011,EACK_2011__proportion__competitive_employment__24m,Eack,2011,USA,North America,RCT,Outpatient,FES,SCID,58,69,25.919999999999998,6.31,24,24,proportion,employment,Competitive employment,Paid competitive employment at 24-month follow-up (end of treatment),point,17,46,NA,NA,NA,NA,,,NA,NA,,NA,NA,NA,,NA,NA,NA,proportion,0.261,NA,NA,,EPHPP,Strong,p.16 Table 1,YN,HZ,,EACK,2011,EACK_2011,Eack 2011,12,46,24,NA,NA,NA
9,EACK_002,EACK_2011,EACK_2011__trial_binary__competitive_employment__24m,Eack,2011,USA,North America,RCT,Outpatient,FES,SCID,58,69,25.919999999999998,6.31,24,24,trial_binary,employment,Competitive employment,Paid competitive employment at 24-month follow-up,point,NA,NA,13,24,4,22,Cognitive Enhancement Therapy (CET),Enriched Supportive Therapy (EST),NA,NA,,NA,NA,NA,,NA,NA,NA,RR,2.75,NA,NA,,EPHPP,Strong,p.16 Table 1,YN,HZ,,EACK,2011,EACK_2011,Eack 2011,NA,NA,24,9,3,22
10,ERICKSON_001,ERICKSON_2021,ERICKSON_2021__proportion__competitive_employment__12m,Erickson,2021,Canada,North America,RCT,Outpatient,FEP,Clinical records (BPRS used for symptom severity),109,82.6,23.05,3.4,12,12,proportion,employment,Competitive employment,Any competitive paid work during the 6_12 month follow-up period (at least 1 day),period,59,97,NA,NA,NA,NA,,,NA,NA,,NA,NA,NA,,NA,NA,NA,proportion,0.608,NA,NA,,EPHPP,Strong,p.5 Table 2,YN,HZ,,ERICKSON,2021,ERICKSON_2021,Erickson 2021,59,97,12,NA,NA,NA
11,ERICKSON_002,ERICKSON_2021,ERICKSON_2021__trial_binary__competitive_employment__12m,Erickson,2021,Canada,North America,RCT,Outpatient,FEP,Clinical records (BPRS used for symptom severity),109,82.6,23.05,3.4,12,12,trial_binary,employment,Competitive employment,Any competitive paid work during the 6_12 month follow-up period,period,NA,NA,34,47,25,50,IPS + TAU,TAU,NA,NA,,NA,NA,NA,,NA,NA,NA,RR,1.45,NA,NA,,EPHPP,Strong,p.5 Table 2,YN,HZ,"Denominators 47 and 50 reconstructed from the printed counts and percentages (34, 72.3%; 25, 50.0%) in Table 2; randomised 56 vs 53",ERICKSON,2021,ERICKSON_2021,Erickson 2021,NA,NA,12,34,25,50
12,FOWLER_001,FOWLER_2019,FOWLER_2019__proportion__paid_work__24m,Fowler,2019,UK,Europe,RCT,Outpatient,FEP,Clinical diagnosis (SCID/clinical assessment),77,NA,25,NA,24,24,proportion,employment,Paid work,Engaged in paid work at any point in the year following the end of therapy (24-month follow-up),period,5,44,NA,NA,NA,NA,,,NA,NA,,NA,NA,NA,,NA,NA,NA,proportion,0.114,NA,NA,,EPHPP,Strong,p.4 Table 1,YN,HZ,,FOWLER,2019,FOWLER_2019,Fowler 2019,5,44,24,NA,NA,NA
13,FOWLER_002,FOWLER_2019,FOWLER_2019__trial_binary__paid_work__24m,Fowler,2019,UK,Europe,RCT,Outpatient,FEP,Clinical diagnosis (SCID/clinical assessment),77,NA,25,NA,24,24,trial_binary,employment,Paid work,Engaged in paid work at any point in the year following the end of therapy (24-month follow-up),period,NA,NA,5,20,0,24,SRT + TAU,TAU,NA,NA,,NA,NA,NA,,NA,NA,NA,RR,13.15,NA,NA,0.03,EPHPP,Strong,p.4 Table 1,YN,HZ,Non-affective subgroup of the ISREP 24-month follow-up (77 randomised),FOWLER,2019,FOWLER_2019,Fowler 2019,NA,NA,24,5,0,24
14,HEGELSTAD_001,HEGELSTAD_2019,HEGELSTAD_2019__proportion__competitive_employment__12m,Hegelstad,2019,Norway,Europe,Cohort,Outpatient,FEP,SCID,66,45.5,21.5,4.5,12,12,proportion,employment,Competitive employment,Competitive employment >20h/wk at 1-year follow-up,point,16,57,NA,NA,NA,NA,,,NA,NA,,NA,NA,NA,,NA,NA,NA,proportion,0.267,NA,NA,,EPHPP,Strong,p.5 Table 2,YN,HZ,,HEGELSTAD,2018,HEGELSTAD_2018,Hegelstad 2019,16,60,12,NA,NA,NA
15,HEGELSTAD_002,HEGELSTAD_2019,HEGELSTAD_2019__trial_binary__competitive_employment__12m,Hegelstad,2019,Norway,Europe,Cohort,Outpatient,FEP,SCID,66,45.5,21.5,4.5,12,12,trial_binary,employment,Competitive employment,Competitive employment >20h/wk at 1-year follow-up,point,NA,NA,14,30,2,27,Job- and SchoolPrescription (IPS adaptation),Generic employment/educational services,NA,NA,,NA,NA,NA,,NA,NA,NA,RR,7,NA,NA,,EPHPP,Strong,p.5 Table 2 3,YN,HZ,,HEGELSTAD,2018,HEGELSTAD_2018,Hegelstad 2019,NA,NA,12,14,2,30
16,HUMENSKY_001,HUMENSKY_2017,HUMENSKY_2017__proportion__work_only__12m,Humensky,2017,USA,North America,Cohort,Outpatient,FEP,SCID/DSM-IV,65,65,22.3,4.8,24,12,proportion,employment,Work only,Working but not in school at 12-month follow-up,period,12,43,NA,NA,NA,NA,,,NA,NA,,NA,NA,NA,,NA,NA,NA,proportion,0.27,NA,NA,,EPHPP,Weak,p.2 Figure 2,YN,HZ,,HUMENSKY,2017,HUMENSKY_2017,Humensky 2017,12,43,12,NA,NA,NA
17,KILLACKEY_001,KILLACKEY_2008,KILLACKEY_2008__proportion__competitive_employment__6m,Killackey,2008,Australia,Oceania,RCT,Outpatient,FEP,SCID,41,80.5,21.4,2.3,6,6,proportion,employment,Competitive employment,Obtained competitive employment during 6-month follow-up period,period,15,41,NA,NA,NA,NA,,,NA,NA,,NA,NA,NA,,NA,NA,NA,proportion,0.366,NA,NA,,EPHPP,Strong,p.4 Results,YN,HZ,,KILLACKEY,2008,KILLACKEY_2008,Killackey 2008,15,41,6,NA,NA,NA
18,KILLACKEY_002,KILLACKEY_2008,KILLACKEY_2008__trial_binary__competitive_employment__6m,Killackey,2008,Australia,Oceania,RCT,Outpatient,FEP,SCID,41,80.5,21.4,2.3,6,6,trial_binary,employment,Competitive employment,Obtained competitive employment during 6-month follow-up period,period,NA,NA,13,20,2,21,IPS + TAU,TAU,NA,NA,,NA,NA,NA,,NA,NA,NA,RR,6.84,NA,NA,p<0.001,EPHPP,Strong,p.4 Results,YN,HZ,,KILLACKEY,2008,KILLACKEY_2008,Killackey 2008,NA,NA,6,13,2,21
19,KILLACKEY_001,KILLACKEY_2019,KILLACKEY_2019__proportion__competitive_employment__12m,Killackey,2019,Australia,Oceania,RCT,Outpatient,FEP,SCID,146,69.2,20.4,2.4,18,6,proportion,employment,Competitive employment,Worked at least 1 day in paid employment during 0_6 month follow-up period (arms pooled),period,76,126,NA,NA,NA,NA,,,NA,NA,,NA,NA,NA,,NA,NA,NA,proportion,0.603,NA,NA,,EPHPP,Strong,"Figure 1, p.3 Results",YN,HZ,,KILLACKEY,2019,KILLACKEY_2019,Killackey 2019,76,126,12,NA,NA,NA
20,KILLACKEY_002,KILLACKEY_2019,KILLACKEY_2019__trial_binary__competitive_employment__6m,Killackey,2019,Australia,Oceania,RCT,Outpatient,FEP,SCID,146,69.2,20.4,2.4,18,6,trial_binary,employment,Competitive employment,Worked at least 1 day in paid employment during 0_6 month follow-up period,period,NA,NA,47,66,29,60,IPS + TAU,TAU,NA,NA,,NA,NA,NA,,NA,NA,NA,RR,1.47,1.09,1.99,0.025,EPHPP,Strong,p.3 Results,YN,HZ,,KILLACKEY,2019,KILLACKEY_2019,Killackey 2019,NA,NA,6,47,29,60
21,LIN_001,LIN_2026,LIN_2026__proportion__competitive_employment__12m,Lin,2026,Asia-Pacific,Asia,Cohort,Outpatient,FES,DSM-IV,474,65.6,28.6,7.9,18,12,proportion,employment,Competitive employment,Full- or part-time employment at 12-month follow-up,point,119,280,NA,NA,NA,NA,,,NA,NA,,NA,NA,NA,,NA,NA,NA,proportion,0.42000000000000004,NA,NA,,EPHPP,Weak,p.3 Figure 1,YN,HZ,,LIN,2026,LIN_2026,Lin 2026,119,280,12,NA,NA,NA
22,MAJOR_001,MAJOR_2010,MAJOR_2010__proportion__competitive_employment__12m,Major,2010,UK,Europe,Cohort,Outpatient,FEP,Clinical diagnosis,114,62.3,24,4.6,12,12,proportion,employment,Competitive employment,Gained or returned to competitive employment at any point during the 12-month follow-up period,period,29,114,NA,NA,NA,NA,,,NA,NA,,NA,NA,NA,,NA,NA,NA,proportion,0.254,NA,NA,,EPHPP,Strong,p.5 Table 2,YN,HZ,,MAJOR,2010,MAJOR_2010,Major 2010,29,114,12,NA,NA,NA
23,MAJOR_002,MAJOR_2010,MAJOR_2010__trial_binary__competitive_employment__12m,Major,2010,UK,Europe,Cohort,Outpatient,FEP,Clinical diagnosis,114,62.3,24,4.6,12,12,trial_binary,employment,Competitive employment,Gained or returned to competitive employment at any point during the 12-month follow-up period,period,NA,NA,16,44,13,70,VIBE (Specialist vocational intervention),TAU (EIS without VIBE),NA,NA,,NA,NA,NA,,NA,NA,NA,RR,1.96,1.04,3.68,,EPHPP,Strong,"p.6 Table 4, Results",YN,HZ,,MAJOR,2010,MAJOR_2010,Major 2010,NA,NA,12,16,13,70
24,NUECHTERLEIN_001,NUECHTERLEIN_2020,NUECHTERLEIN_2020__proportion__competitive_employment__18m,Nuechterlein,2020,USA,North America,RCT,Outpatient,FES,SCID,69,67,24.6,4,18,18,proportion,employment,Competitive employment,Competitive employment during at least part of the 7_18 month period,period,30,51,NA,NA,NA,NA,,,NA,NA,,NA,NA,NA,,NA,NA,NA,proportion,0.588,NA,NA,,EPHPP,Strong,p.8 Figure 4,YN,HZ,,NUECHTERLEIN,2020,NUECHTERLEIN_2020,Nuechterlein 2020,30,51,18,NA,NA,NA
25,NUECHTERLEIN_002,NUECHTERLEIN_2020,NUECHTERLEIN_2020__trial_binary__competitive_employment__18m,Nuechterlein,2020,USA,North America,RCT,Outpatient,FES,SCID,69,67,24.6,4,18,18,trial_binary,employment,Competitive employment,Competitive employment during at least part of the 7_18 month period,period,NA,NA,25,36,5,15,IPS + WFM,BVR + social skills training,NA,NA,,NA,NA,NA,,NA,NA,NA,RR,2.08,NA,NA,0.02,EPHPP,Strong,p.8 Figure 4,YN,HZ,"Competitive employment during months 7 to 18, available case (36 of 41 and 15 of 22 with outcome data); randomised 46 vs 23",NUECHTERLEIN,2020,NUECHTERLEIN_2020,Nuechterlein 2020,NA,NA,18,25,5,15
26,POTHIER_001,POTHIER_2019,POTHIER_2019__proportion__competitive_employment__6m,Pothier,2019,Canada,North America,Cohort,Outpatient,FEP,DSM-IV,27,81.5,24.9,4.9,6,6,proportion,employment,Competitive employment,Full-time competitive occupation at 6-month follow-up,point,11,27,NA,NA,NA,NA,,,NA,NA,,NA,NA,NA,,NA,NA,NA,proportion,0.40700000000000003,NA,NA,,EPHPP,Moderate,p.4 Results,YN,HZ,,POTHIER,2019,POTHIER_2019,Pothier 2019,11,27,6,NA,NA,NA
27,RINALDI_001,RINALDI_2004,RINALDI_2004__proportion__open_employment__12m,Rinaldi,2004,UK,Europe,Cohort,Outpatient,FEP,Clinical diagnosis,40,72,21,NA,12,12,proportion,employment,Open employment,Competitive open employment at 12-month follow-up,point,9,22,NA,NA,NA,NA,,,NA,NA,,NA,NA,NA,,NA,NA,NA,proportion,0.40900000000000003,NA,NA,,EPHPP,Weak,p.3 Table 2,YN,HZ,,RINALDI,2004,RINALDI_2004,Rinaldi 2004,9,22,12,NA,NA,NA
28,RINALDI_001,RINALDI_2010,RINALDI_2010__proportion__open_employment__12m,Rinaldi,2010,UK,Europe,Cohort,Outpatient,FEP,Clinical diagnosis,166,69,22,3.24,24,12,proportion,employment,Open employment,Competitive open employment at 12-month follow-up,point,62,142,NA,NA,NA,NA,,,NA,NA,,NA,NA,NA,,NA,NA,NA,proportion,0.43700000000000006,NA,NA,,EPHPP,Weak,p.5 Table II,YN,HZ,,RINALDI,2010,RINALDI_2010,Rinaldi 2010,62,142,12,NA,NA,NA
29,ROSENHECK_001,ROSENHECK_2017,ROSENHECK_2017__proportion__any_participation_in_work__12m,Rosenheck,2017,USA,North America,Cohort,Outpatient,FEP,Clinical diagnosis,404,72,23,NA,24,12,proportion,employment,Any participation in work,Any paid employment at 12-month follow-up,point,64,282,NA,NA,NA,NA,,,NA,NA,,NA,NA,NA,,NA,NA,NA,proportion,0.227,NA,NA,,EPHPP,Strong,p.6 Table 1,YN,HZ,,ROSENHECK,2017,ROSENHECK_2017,Rosenheck 2017,64,282,12,NA,NA,NA
30,ROSENHECK_002,ROSENHECK_2017,ROSENHECK_2017__trial_binary__any_participation_in_work__24m,Rosenheck,2017,USA,North America,Cohort,Outpatient,FEP,Clinical diagnosis,404,72,23,NA,24,24,trial_binary,employment,Any participation in work,Any paid employment at 24-month follow-up,point,NA,NA,30,144,21,83,NAVIGATE,Community Care,NA,NA,,NA,NA,NA,,NA,NA,NA,RR,0.8200000000000001,NA,NA,,EPHPP,Strong,"Table 1, p.4 Results",YN,HZ,,ROSENHECK,2017,ROSENHECK_2017,Rosenheck 2017,NA,NA,24,30,21,83
31,TAPFUMANEYI_001,TAPFUMANEYI_2015,TAPFUMANEYI_2015__proportion__paid_employment__12m,Tapfumaneyi,2015,UK,Europe,Cohort,Outpatient,FEP,ICD-10,1013,65.3,23.3,4.84,12,12,proportion,employment,Paid employment,Engaged in paid work (full or part-time) at any point during the 1-year follow-up period,period,211,1013,NA,NA,NA,NA,,,NA,NA,,NA,NA,NA,,NA,NA,NA,proportion,0.20800000000000002,NA,NA,,EPHPP,Moderate,p.4 Results,YN,HZ,,TAPFUMANEYI,2014,TAPFUMANEYI_2014,Tapfumaneyi 2015,211,1013,12,NA,NA,NA
32,TURNER_001,TURNER_2019,TURNER_2019__proportion__paid_employment__18m,Turner,2019,Ireland,Europe,Cohort,Outpatient,FEP,Clinical diagnosis,39,51.3,38,10,18,18,proportion,employment,Paid employment,At least one month of paid employment during the follow-up period,period,21,34,NA,NA,NA,NA,,,NA,NA,,NA,NA,NA,,NA,NA,NA,proportion,0.618,NA,NA,,EPHPP,Weak,p.6 Results,YN,HZ,"Follow-up was a mean of 19 months (range 2 to 44), not a fixed 18 months",TURNER,2019,TURNER_2019,Turner 2019,21,34,18,NA,NA,NA
33,VANDUIN_001,VANDUIN_2021,VANDUIN_2021__proportion__competitive_employment__18m,van Duin,2021,Netherlands,Europe,RCT,Outpatient,FEP,DSM-IV,73,71,27.05,5.6,18,18,proportion,employment,Competitive employment,In competitive employment at 18-month follow-up,point,25,56,NA,NA,NA,NA,,,NA,NA,,NA,NA,NA,,NA,NA,NA,proportion,0.446,NA,NA,,EPHPP,Moderate,p.5 Table 2,YN,HZ,,VANDUIN,2021,VANDUIN_2021,van Duin 2021,25,56,18,NA,NA,NA
34,VANDUIN_002,VANDUIN_2021,VANDUIN_2021__trial_binary__competitive_employment__18m,van Duin,2021,Netherlands,Europe,RCT,Outpatient,FEP,DSM-IV,73,71,27.05,5.6,18,18,trial_binary,employment,Competitive employment,In competitive employment at 18-month follow-up,point,NA,NA,18,29,7,27,IPS + Cognitive Remediation (CR),IPS + control (computer games),NA,NA,,NA,NA,NA,,NA,NA,NA,RR,2.4,NA,NA,,EPHPP,Moderate,p.5 Table 2,YN,HZ,,VANDUIN,2021,VANDUIN_2021,van Duin 2021,NA,NA,18,18,7,27
35,WILLIAMS_002,WILLIAMS_2016,WILLIAMS_2016__proportion__job_retention__6m,Williams,2016,Australia,Oceania,Cohort,Outpatient,FEP,Clinical diagnosis,11,54.5,21.5,2,6,6,proportion,employment,Job retention,Maintaining original competitive employment at 6-month follow-up,point,2,11,NA,NA,NA,NA,,,NA,NA,,NA,NA,NA,,NA,NA,NA,proportion,0.182,NA,NA,,EPHPP,Weak,p.4 Table 3,YN,HZ,,WILLIAMS,2016,WILLIAMS_2016,Williams 2016,2,11,6,NA,NA,NA
36,CHUA_002,CHUA_2019,CHUA_2019__smd__panss_total__24m,Chua,2019,Singapore,Asia,Cohort,Outpatient,FEP,DSM-IV,1177,49.2,27.5,6.5,24,24,smd,symptoms,PANSS total,PANSS total score at 24 months,,NA,NA,NA,NA,NA,NA,,,NA,NA,Meaningfully employed at 24 months,65.8,17.3,829,Unemployed at 24 months,69.9,17.5,348,,NA,NA,NA,,EPHPP,Moderate,p.3 Table 1,YN,HZ,,CHUA,2019,CHUA_2019,Chua 2019,NA,NA,24,NA,NA,NA
37,CHUA_003,CHUA_2019,CHUA_2019__smd__panss_negative__24m,Chua,2019,Singapore,Asia,Cohort,Outpatient,FEP,DSM-IV,1177,49.2,27.5,6.5,24,24,smd,symptoms,PANSS negative,PANSS negative subscale score at 24 months,,NA,NA,NA,NA,NA,NA,,,NA,NA,Meaningfully employed at 24 months,12.3,6.6,829,Unemployed at 24 months,15.1,8.1,348,,NA,NA,NA,,EPHPP,Moderate,p.3 Table 1,YN,HZ,,CHUA,2019,CHUA_2019,Chua 2019,NA,NA,24,NA,NA,NA
38,CHUA_004,CHUA_2019,CHUA_2019__smd__gaf_disability__24m,Chua,2019,Singapore,Asia,Cohort,Outpatient,FEP,DSM-IV,1177,49.2,27.5,6.5,24,24,smd,functioning,GAF disability,GAF disability subscale score at 24 months,,NA,NA,NA,NA,NA,NA,,,NA,NA,Meaningfully employed at 24 months,46.2,13.5,829,Unemployed at 24 months,43.3,12.4,348,,NA,NA,NA,,EPHPP,Moderate,p.3 Table 1,YN,HZ,,CHUA,2019,CHUA_2019,Chua 2019,NA,NA,24,NA,NA,NA
39,LIN_002,LIN_2026,LIN_2026__correlation__panss_remission__18m,Lin,2026,Asia-Pacific,Asia,Cohort,Outpatient,FES,DSM-IV,474,65.6,28.6,7.9,18,18,correlation,symptoms,PANSS remission,PANSS remission at month 18,,NA,NA,NA,NA,NA,NA,,,0.18,280,,NA,NA,NA,,NA,NA,NA,,NA,NA,NA,,EPHPP,Weak,p.5 Table 2D,YN,HZ,,LIN,2026,LIN_2026,Lin 2026,NA,NA,18,NA,NA,NA
40,LIN_003,LIN_2026,LIN_2026__correlation__psp_remission__18m,Lin,2026,Asia-Pacific,Asia,Cohort,Outpatient,FES,DSM-IV,474,65.6,28.6,7.9,18,18,correlation,functioning,PSP remission,PSP score >70 at month 18 (functional remission),,NA,NA,NA,NA,NA,NA,,,0.33199999999999996,280,,NA,NA,NA,,NA,NA,NA,,NA,NA,NA,,EPHPP,Weak,p.5 Table 2D,YN,HZ,,LIN,2026,LIN_2026,Lin 2026,NA,NA,18,NA,NA,NA
41,POTHIER_002,POTHIER_2019,POTHIER_2019__correlation__working_memory_mccb___6m,Pothier,2019,Canada,North America,Cohort,Outpatient,FEP,DSM-IV,27,81.5,24.9,4.9,6,6,correlation,cognition,Working memory (MCCB),MATRICS Consensus Cognitive Battery _ working memory domain T-score at baseline,,NA,NA,NA,NA,NA,NA,,,0.38,27,,NA,NA,NA,,NA,NA,NA,,NA,NA,NA,,EPHPP,Moderate,p.5 Table 3,YN,HZ,,POTHIER,2019,POTHIER_2019,Pothier 2019,NA,NA,6,NA,NA,NA
42,POTHIER_003,POTHIER_2019,POTHIER_2019__correlation__speed_of_processing_mccb___6m,Pothier,2019,Canada,North America,Cohort,Outpatient,FEP,DSM-IV,27,81.5,24.9,4.9,6,6,correlation,cognition,Speed of processing (MCCB),MATRICS Consensus Cognitive Battery _ speed of processing domain T-score at baseline,,NA,NA,NA,NA,NA,NA,,,0.39,27,,NA,NA,NA,,NA,NA,NA,,NA,NA,NA,,EPHPP,Moderate,p.5 Table 3,YN,HZ,,POTHIER,2019,POTHIER_2019,Pothier 2019,NA,NA,6,NA,NA,NA
43,POTHIER_004,POTHIER_2019,POTHIER_2019__correlation__attention_vigilance_mccb___6m,Pothier,2019,Canada,North America,Cohort,Outpatient,FEP,DSM-IV,27,81.5,24.9,4.9,6,6,correlation,cognition,Attention / vigilance (MCCB),MATRICS Consensus Cognitive Battery _ attention/vigilance domain T-score at baseline,,NA,NA,NA,NA,NA,NA,,,0.36,27,,NA,NA,NA,,NA,NA,NA,,NA,NA,NA,,EPHPP,Moderate,p.5 Table 3,YN,HZ,,POTHIER,2019,POTHIER_2019,Pothier 2019,NA,NA,6,NA,NA,NA
44,POTHIER_005,POTHIER_2019,POTHIER_2019__correlation__global_cognition_mccb___6m,Pothier,2019,Canada,North America,Cohort,Outpatient,FEP,DSM-IV,27,81.5,24.9,4.9,6,6,correlation,cognition,Global cognition (MCCB),MATRICS Consensus Cognitive Battery _ global cognitive index composite T-score at baseline,,NA,NA,NA,NA,NA,NA,,,0.32,27,,NA,NA,NA,,NA,NA,NA,,NA,NA,NA,,EPHPP,Moderate,p.5 Table 3,YN,HZ,,POTHIER,2019,POTHIER_2019,Pothier 2019,NA,NA,6,NA,NA,NA
