raw_row_id,report_id,study_id_clean,registry_key,doi,cohort_id,result_id,result_id_current,result_uid,effect_type,in_primary_set,analysis_set,id_changed
1,R01,ABDELBAKI_2013,abdelbaki2013,10.1111/eip.12021,ABDELBAKI_2013,ABDELBAKI_2013__proportion__competitive_employment__12m,ABDELBAKI_2013__proportion__competitive_employment__12m,R01_01,proportion,TRUE,NA,FALSE
2,R02,ANDERSEN_2024,andersen2024,10.1177/00048674241261778,ANDERSEN_2024,ANDERSEN_2024__proportion__competitive_employment__12m,ANDERSEN_2024__proportion__competitive_employment__12m,R02_01,proportion,TRUE,NA,FALSE
3,R17,CHUA_2019,chua2019,10.1016/j.schres.2019.07.009,CHUA_2019,CHUA_2019__proportion__meaningful_employment__24m,CHUA_2019__proportion__meaningful_employment__24m,R17_01,proportion,FALSE,NA,FALSE
4,R03,CRAIG_2014,craig2014,10.1192/bjp.bp.113.136283,CRAIG_2014,CRAIG_2014__proportion__open_employment__12m,CRAIG_2014__proportion__open_employment__12m,R03_01,proportion,TRUE,NA,FALSE
5,R03,CRAIG_2014,craig2014,10.1192/bjp.bp.113.136283,CRAIG_2014,CRAIG_2014__trial_binary__open_employment__12m,CRAIG_2014__trial_binary__open_employment__12m,R03_02,trial_binary,NA,excluded_addon,FALSE
6,R04,DUDLEY_2014,dudley2014,10.1111/eip.12043,DUDLEY_2014,DUDLEY_2014__proportion__any_paid_employment__12m,DUDLEY_2014__proportion__any_paid_employment__12m,R04_01,proportion,TRUE,NA,FALSE
7,R04,DUDLEY_2014,dudley2014,10.1111/eip.12043,DUDLEY_2014,DUDLEY_2014__trial_binary__any_paid_employment__12m,DUDLEY_2014__trial_binary__any_paid_employment__12m,R04_02,trial_binary,NA,other_comparison,FALSE
8,R05,EACK_2011,eack2011,10.1177/1049731509355812,EACK_2011,EACK_2011__proportion__competitive_employment__24m,EACK_2011__proportion__competitive_employment__24m,R05_01,proportion,TRUE,NA,FALSE
9,R05,EACK_2011,eack2011,10.1177/1049731509355812,EACK_2011,EACK_2011__trial_binary__competitive_employment__24m,EACK_2011__trial_binary__competitive_employment__24m,R05_02,trial_binary,NA,non_vocational_rct,FALSE
10,R11,ERICKSON_2021,erickson2021,10.1111/eip.13005,ERICKSON_2021,ERICKSON_2021__proportion__competitive_employment__12m,ERICKSON_2021__proportion__competitive_employment__12m,R11_01,proportion,FALSE,NA,FALSE
11,R11,ERICKSON_2021,erickson2021,10.1111/eip.13005,ERICKSON_2021,ERICKSON_2021__trial_binary__competitive_employment__12m,ERICKSON_2021__trial_binary__competitive_employment__12m,R11_02,trial_binary,NA,primary,FALSE
12,R24,FOWLER_2019,fowler2019,10.1016/j.schres.2017.10.006,FOWLER_2019,FOWLER_2019__proportion__paid_work__24m,FOWLER_2019__proportion__paid_work__24m,R24_01,proportion,FALSE,NA,FALSE
13,R24,FOWLER_2019,fowler2019,10.1016/j.schres.2017.10.006,FOWLER_2019,FOWLER_2019__trial_binary__paid_work__24m,FOWLER_2019__trial_binary__paid_work__24m,R24_02,trial_binary,NA,non_vocational_rct,FALSE
14,R06,HEGELSTAD_2019,hegelstad2019,10.1111/eip.12686,HEGELSTAD_2019,HEGELSTAD_2019__proportion__competitive_employment__12m,HEGELSTAD_2019__proportion__competitive_employment__12m,R06_01,proportion,TRUE,NA,FALSE
15,R06,HEGELSTAD_2019,hegelstad2019,10.1111/eip.12686,HEGELSTAD_2019,HEGELSTAD_2019__trial_binary__competitive_employment__12m,HEGELSTAD_2019__trial_binary__competitive_employment__12m,R06_02,trial_binary,NA,other_comparison,FALSE
16,R18,HUMENSKY_2017,humensky2017,10.1037/prj0000256,HUMENSKY_2017,HUMENSKY_2017__proportion__work_only__12m,HUMENSKY_2017__proportion__work_only__12m,R18_01,proportion,FALSE,NA,FALSE
17,R12,KILLACKEY_2008,killackey2008,10.1192/bjp.bp.107.043109,KILLACKEY_2008,KILLACKEY_2008__proportion__competitive_employment__6m,KILLACKEY_2008__proportion__competitive_employment__6m,R12_01,proportion,FALSE,NA,FALSE
18,R12,KILLACKEY_2008,killackey2008,10.1192/bjp.bp.107.043109,KILLACKEY_2008,KILLACKEY_2008__trial_binary__competitive_employment__6m,KILLACKEY_2008__trial_binary__competitive_employment__6m,R12_02,trial_binary,NA,primary,FALSE
19,R13,KILLACKEY_2019,killackey2019,10.1192/bjp.2018.191,KILLACKEY_2019,KILLACKEY_2019__proportion__competitive_employment__12m,KILLACKEY_2019__proportion__competitive_employment__6m,R13_01,proportion,FALSE,NA,TRUE
20,R13,KILLACKEY_2019,killackey2019,10.1192/bjp.2018.191,KILLACKEY_2019,KILLACKEY_2019__trial_binary__competitive_employment__6m,KILLACKEY_2019__trial_binary__competitive_employment__6m,R13_02,trial_binary,NA,primary,FALSE
21,R15,LIN_2026,lin2026,10.1016/j.psychres.2026.116955,LIN_2026,LIN_2026__proportion__competitive_employment__12m,LIN_2026__proportion__competitive_employment__12m,R15_01,proportion,FALSE,NA,FALSE
22,R19,MAJOR_2010,major2010,10.1007/s00127-009-0034-4,MAJOR_2010,MAJOR_2010__proportion__competitive_employment__12m,MAJOR_2010__proportion__competitive_employment__12m,R19_01,proportion,FALSE,NA,FALSE
23,R19,MAJOR_2010,major2010,10.1007/s00127-009-0034-4,MAJOR_2010,MAJOR_2010__trial_binary__competitive_employment__12m,MAJOR_2010__trial_binary__competitive_employment__12m,R19_02,trial_binary,NA,other_comparison,FALSE
24,R14,NUECHTERLEIN_2020,nuechterlein2020,10.1017/S0033291718003860,NUECHTERLEIN_2020,NUECHTERLEIN_2020__proportion__competitive_employment__18m,NUECHTERLEIN_2020__proportion__competitive_employment__18m,R14_01,proportion,FALSE,NA,FALSE
25,R14,NUECHTERLEIN_2020,nuechterlein2020,10.1017/S0033291718003860,NUECHTERLEIN_2020,NUECHTERLEIN_2020__trial_binary__competitive_employment__18m,NUECHTERLEIN_2020__trial_binary__competitive_employment__18m,R14_02,trial_binary,NA,sensitivity_k4,FALSE
26,R07,POTHIER_2019,pothier2019,10.1016/j.scog.2019.100158,POTHIER_2019,POTHIER_2019__proportion__competitive_employment__6m,POTHIER_2019__proportion__competitive_employment__6m,R07_01,proportion,TRUE,NA,FALSE
27,R20,RINALDI_2004,rinaldi2004,10.1192/pb.28.8.281,SWL_IPS_SERVICE,RINALDI_2004__proportion__open_employment__12m,RINALDI_2004__proportion__open_employment__12m,R20_01,proportion,FALSE,NA,FALSE
28,R08,RINALDI_2010,rinaldi2010,10.3109/09638230903531100,SWL_IPS_SERVICE,RINALDI_2010__proportion__open_employment__12m,RINALDI_2010__proportion__open_employment__12m,R08_01,proportion,TRUE,NA,FALSE
29,R09,ROSENHECK_2017,rosenheck2017,10.1016/j.schres.2016.09.024,ROSENHECK_2017,ROSENHECK_2017__proportion__any_participation_in_work__12m,ROSENHECK_2017__proportion__any_participation_in_work__12m,R09_01,proportion,TRUE,NA,FALSE
30,R09,ROSENHECK_2017,rosenheck2017,10.1016/j.schres.2016.09.024,ROSENHECK_2017,ROSENHECK_2017__trial_binary__any_participation_in_work__24m,ROSENHECK_2017__trial_binary__any_participation_in_work__24m,R09_02,trial_binary,NA,other_comparison,FALSE
31,R21,TAPFUMANEYI_2015,tapfumaneyi2015,10.1111/eip.12125,TAPFUMANEYI_2015,TAPFUMANEYI_2015__proportion__paid_employment__12m,TAPFUMANEYI_2015__proportion__paid_employment__12m,R21_01,proportion,FALSE,NA,FALSE
32,R22,TURNER_2019,turner2019,10.1108/IJOT-12-2018-0023,TURNER_2019,TURNER_2019__proportion__paid_employment__18m,TURNER_2019__proportion__paid_employment__18m,R22_01,proportion,FALSE,NA,FALSE
33,R10,VANDUIN_2021,vanduin2021,10.1016/j.schres.2021.07.025,VANDUIN_2021,VANDUIN_2021__proportion__competitive_employment__18m,VANDUIN_2021__proportion__competitive_employment__18m,R10_01,proportion,TRUE,NA,FALSE
34,R10,VANDUIN_2021,vanduin2021,10.1016/j.schres.2021.07.025,VANDUIN_2021,VANDUIN_2021__trial_binary__competitive_employment__18m,VANDUIN_2021__trial_binary__competitive_employment__18m,R10_02,trial_binary,NA,excluded_addon,FALSE
35,R23,WILLIAMS_2016,williams2016,10.1177/0308022615625649,WILLIAMS_2016,WILLIAMS_2016__proportion__job_retention__6m,WILLIAMS_2016__proportion__job_retention__6m,R23_01,proportion,FALSE,NA,FALSE
36,R17,CHUA_2019,chua2019,10.1016/j.schres.2019.07.009,CHUA_2019,CHUA_2019__smd__panss_total__24m,CHUA_2019__smd__panss_total__24m,R17_02,smd,NA,NA,FALSE
37,R17,CHUA_2019,chua2019,10.1016/j.schres.2019.07.009,CHUA_2019,CHUA_2019__smd__panss_negative__24m,CHUA_2019__smd__panss_negative__24m,R17_03,smd,NA,NA,FALSE
38,R17,CHUA_2019,chua2019,10.1016/j.schres.2019.07.009,CHUA_2019,CHUA_2019__smd__gaf_disability__24m,CHUA_2019__smd__gaf_disability__24m,R17_04,smd,NA,NA,FALSE
39,R15,LIN_2026,lin2026,10.1016/j.psychres.2026.116955,LIN_2026,LIN_2026__correlation__panss_remission__18m,LIN_2026__correlation__panss_remission__18m,R15_02,correlation,NA,NA,FALSE
40,R15,LIN_2026,lin2026,10.1016/j.psychres.2026.116955,LIN_2026,LIN_2026__correlation__psp_remission__18m,LIN_2026__correlation__psp_remission__18m,R15_03,correlation,NA,NA,FALSE
41,R07,POTHIER_2019,pothier2019,10.1016/j.scog.2019.100158,POTHIER_2019,POTHIER_2019__correlation__working_memory_mccb___6m,POTHIER_2019__correlation__working_memory_mccb___6m,R07_02,correlation,NA,NA,FALSE
42,R07,POTHIER_2019,pothier2019,10.1016/j.scog.2019.100158,POTHIER_2019,POTHIER_2019__correlation__speed_of_processing_mccb___6m,POTHIER_2019__correlation__speed_of_processing_mccb___6m,R07_03,correlation,NA,NA,FALSE
43,R07,POTHIER_2019,pothier2019,10.1016/j.scog.2019.100158,POTHIER_2019,POTHIER_2019__correlation__attention_vigilance_mccb___6m,POTHIER_2019__correlation__attention_vigilance_mccb___6m,R07_04,correlation,NA,NA,FALSE
44,R07,POTHIER_2019,pothier2019,10.1016/j.scog.2019.100158,POTHIER_2019,POTHIER_2019__correlation__global_cognition_mccb___6m,POTHIER_2019__correlation__global_cognition_mccb___6m,R07_05,correlation,NA,NA,FALSE
