study_id,author,year,country,region,design,setting,diagnosis,diagnostic_tool,n_total,pct_male,mean_age,sd_age,follow_up_months,timepoint_months,effect_type,outcome_domain,outcome_measure,outcome_definition,outcome_basis,events,n_assessed,page_source,events_intervention,n_intervention,events_control,n_control,intervention_name,comparator,r,n_r,group1_label,mean1,sd1,n1,group2_label,mean2,sd2,n2,reported_es_type,reported_es,reported_ci_low,reported_ci_high,reported_p,reported_source,corrected_es,corrected_ci_low,corrected_ci_high,corrected_source,derived_RR,derived_es,derived_ci_low,derived_ci_high,pct_schizophrenia,pct_schizoaffective,pct_bipolar,pct_psychotic_depression,pct_other,diagnostic_source,illness_duration_mean,illness_duration_source,quality_tool,quality_rating_Selection Bias,quality_rating_Study Design,quality_rating_Confounders,quality_rating_Data Collection Methods,quality_rating_Withdrawals and Dropouts,quality_rating_Analyses (appropriateness),quality_rating,extractor,checker,notes
ABDELBAKI_001,Abdel-Baki,2013,Canada,North America,Cohort,Outpatient,FEP,DSM-IV,97,78.3,23.5,/,60,12,proportion,employment,Employment (full-time or part-time),Full-time or part-time employment at 12 months,point,40,91,p.4 Figure 2,,,,,,,,,,,,,,,,,proportion,0.44,,,,,,,,,,,,,45,10,32,8,5,p.3 Results,untreated or treated for less than 1 year,p.2 Method Participants,EPHPP,Moderate,Weak,Weak,Weak,Moderate,Yes,Weak,YN,HZ,
ANDERSEN_001,Andersen,2024,Australia,Oceania,Cohort,Outpatient,FEP,CAARMS,1574,66.7,19.8,2.8,12,12,proportion,employment,Competitive employment,Working in a job (part-time or full-time) at the time of assessment,point,205,578,p.6 Table 2,,,,,,,,,,,,,,,,,proportion,0.355,,,,,,,,,,,,,,,,,,,,,EPHPP,Moderate ,Weak,Moderate,Moderate,Weak,Yes ,Weak,YN,HZ,
CHUA_001,Chua,2019,Singapore,Asia,Cohort,Outpatient,FEP,DSM-IV,1177,49.2,27.5,6.5,24,24,proportion,employment,Meaningful employment,Gainfully employed or engaged in an age-appropriate role at 24-month endpoint,point,829,1177,p.3 Results Table 1,,,,,,,,,,,,,,,,,proportion,0.704,,,,,,,,,,,,,"76 Schizophrenia, schizophreniform, and delusional disorder",9.1 Affective psychosis,14.9 Brief psychotic disorder and psychotic disorder NOS,,,p.3 Table 1,12.4 month,p.3 Table 1,EPHPP,Moderate,Weak,Moderate,Strong,Moderate,Yes,Moderate,YN,HZ,
CRAIG_001,Craig,2014,UK,Europe,RCT,Outpatient,FEP,Clinical diagnosis,159,73,24,4.5,12,12,proportion,employment,Open employment,Paid job at or above minimum wage in a mainstream setting at 12-month follow-up,point,41,134,p.4 Table 2; Results,,,,,,,,,,,,,,,,,proportion,0.306,,,,,,,,,,,,,,,,,,,,,EPHPP,Weak,Strong,Strong,Strong,Strong,Yes,Moderate,YN,HZ,
CRAIG_002,Craig,2014,UK,Europe,RCT,Outpatient,FEP,Clinical diagnosis,159,73,24,4.5,12,12,trial_binary,employment,Open employment,Paid job at or above minimum wage in a mainstream setting at 12-month follow-up,point,,,,29,68,12,66,IPS + Motivational Interviewing (MI),IPS,,,,,,,,,,,OR,3.5,1.5,8.1,,p.4 Results,4.3,1.5,16.6,p.1 Abstract£»p.4 Results,RR,2.35,1.29,4.29,,,,,,,,,EPHPP,Weak,Strong,Strong,Strong,Strong,Yes,Moderate,YN,HZ,
DUDLEY_001,Dudley,2013,UK,Europe,Cohort,Outpatient,FEP,Clinical diagnosis,194,73.5,24.8,5.2,12,12,proportion,employment,Any paid employment,Full-time or part-time employment at 12-month follow-up,point,30,194,p.4 Table 2,,,,,,,,,,,,,,,,,proportion,0.155,,,,,,,,,,,,,,,,,,,,,EPHPP,Moderate,Moderate,Moderate,Moderate,Weak,Yes,Moderate,YN,HZ,
DUDLEY_002,Dudley,2013,UK,Europe,Cohort,Outpatient,FEP,Clinical diagnosis,194,73.5,24.8,5.2,12,12,trial_binary,employment,Any paid employment,Full-time or part-time employment at 12-month follow-up,point,,,,18,104,12,90,IPS + EIP,EIP,,,,,,,,,,,/,/,,,,,,,,,RR,1.3,,,,,,,,,,,EPHPP,Moderate,Moderate,Moderate,Moderate,Weak,Yes,Moderate,YN,HZ,
EACK_001,Eack,2011,USA,North America,RCT,Outpatient,FES,SCID,58,69,25.92,6.31,24,24,proportion,employment,Competitive employment,Paid competitive employment at 24-month follow-up,point,12,46,p.5 Results; p.6 Table 1,,,,,,,,,,,,,,,,,proportion,0.261,,,,,,,,,,,,,,,,,,,,,EPHPP ,Moderate,Strong,Strong,Strong,Moderate,Yes,Strong,YN,HZ,
EACK_002,Eack,2011,USA,North America,RCT,Outpatient,FES,SCID,58,69,25.92,6.31,24,24,trial_binary,employment,Competitive employment,Paid competitive employment at 24-month follow-up,point,,,,9,24,3,22,Cognitive Enhancement Therapy (CET),Enriched Supportive Therapy (EST),,,,,,,,,,,/,/,,,,,,,,,RR,2.75,0.85,8.87,65.5,34.5,,,,p.5 Participants,3.19 year,p.5 Participants,EPHPP ,Moderate,Strong,Strong,Strong,Moderate,Yes,Strong,YN,HZ,
ERICKSON_001,Erickson,2021,Canada,North America,RCT,Outpatient,FEP,Clinical records (BPRS used for symptom severity),109,82.6,23.05,3.4,12,0_6,proportion,employment,Competitive employment,Any competitive paid work during the 0_6 month follow-up period (at least 1 day),period,60,109,p.5 Table 2; Results,,,,,,,,,,,,,,,,,proportion,0.55,,,,,,,,,,,,,,,,,,,,,EPHPP ,Moderate,Strong,Strong,Strong,Strong,Yes,Strong,YN,HZ,
ERICKSON_002,Erickson,2021,Canada,North America,RCT,Outpatient,FEP,Clinical records (BPRS used for symptom severity),109,82.6,23.05,3.4,12,6_12,proportion,employment,Competitive employment,Any competitive paid work during the 6_12 month follow-up period (at least 1 day),period,59,109,p.5 Table 2; Results,,,,,,,,,,,,,,,,,proportion,0.541,,,,,,,,,,,,,42.2,8.3,18.3,9.2,22,p.4 Table 1,,,EPHPP,Moderate,Strong,Strong,Strong,Strong,Yes,Strong,YN,HZ,
ERICKSON_003,Erickson,2021,Canada,North America,RCT,Outpatient,FEP,Clinical records (BPRS used for symptom severity),109,82.6,23.05,3.4,12,6_12,trial_binary,employment,Competitive employment,Any competitive paid work during the 6_12 month follow-up period,period,,,,34,56,25,53,IPS + TAU,TAU,,,,,,,,,,,/,/,,,0.02,,,,,,RR,1.29,0.9,1.83,,,,,,,,,EPHPP,Moderate,Strong,Strong,Strong,Strong,Yes,Strong,YN,HZ,
FOWLER_001,Fowler,2019,UK,Europe,RCT,Outpatient,FEP,Clinical diagnosis£¨SCID/clinical assessment£©,77,/,25,/,24,24,proportion,employment,Paid work,Engaged in paid work at any point in the year following the end of therapy (24-month follow-up),period,9,29,p.4 Table 1; Results,,,,,,,,,,,,,,,,,proportion,0.31,,,,,,,,,,,,,,,,,,,,,EPHPP ,Moderate,Strong,Strong,Strong,Strong,Yes,Strong,YN,HZ,
FOWLER_002,Fowler,2019,UK,Europe,RCT,Outpatient,FEP,Clinical diagnosis£¨SCID/clinical assessment£©,77,/,25,/,24,24,trial_binary,employment,Paid work,Engaged in paid work at any point in the year following the end of therapy (24-month follow-up),period,,,,9,29,6,37,SRT + TAU,TAU,,,,,,,,,,,/,/,,,0.15,p.4 Table 1,,,,,RR,1.91,0.77,4.76,,,,,,p.3 Fig. 1; p.4 Table 1,,,EPHPP ,Moderate,Strong,Strong,Strong,Strong,Yes,Strong,YN,HZ,
HEGELSTAD_001,Hegelstad,2018,Norway,Europe,Cohort,Outpatient,FEP,SCID,66,45.5,21.5,4.5,12,12,proportion,employment,Competitive employment,Competitive employment >20h/wk at 1-year follow-up,point,16,60,p.5 Table 2; Results,,,,,,,,,,,,,,,,,proportion,0.267,,,,,,,,,,,,,39.4,19.7,,,40.9,p.5 Table 1,,,EPHPP,Moderate,Moderate,Moderate,Strong,Moderate,Yes,Strong,YN,HZ,
HEGELSTAD_002,Hegelstad,2018,Norway,Europe,Cohort,Outpatient,FEP,SCID,66,45.5,21.5,4.5,12,12,trial_binary,employment,Competitive employment,Competitive employment >20h/wk at 1-year follow-up,point,,,,14,30,2,30,Job- and SchoolPrescription£¨IPS adaptation£©,Generic employment/educational services,,,,,,,,,,,/,/,,,<0.05,,,,,,RR,7,1.74,28.2,,,,,,,,,EPHPP,Moderate,Moderate,Moderate,Strong,Moderate,Yes,Strong,YN,HZ,
HUMENSKY_001,Humensky,2017,USA,North America,Cohort,Outpatient,FEP,SCID/DSM-IV,65,65,22.3,4.8,24,0_24,proportion,employment,Working only or both working and in school at any time during program participation,Working only or both working and in school at any time during program participation,period,34,65,p.3 Table 1£»p.2 Results,,,,,,,,,,,,,,,,,proportion,0.523,,,,,,,,,,,,,,,,,,,,,EPHPP ,Moderate,Weak,Moderate,Strong,Weak,Yes,Weak,YN,HZ,
KILLACKEY_001,Killackey,2008,Australia,Oceania,RCT,Outpatient,FEP,SCID,41,80.5,21.4,2.3,6,0_6,proportion,employment,Competitive employment,Obtained competitive employment during 6-month follow-up period,period,15,41,p.4 Results; p.5 Fig 3,,,,,,,,,,,,,,,,,proportion,0.366,,,,,,,,,,,,,,,,,,,13.92 month,p.4 Table 1,EPHPP,Strong,Strong,Strong,Strong,Strong,Yes,Strong,YN,HZ,
KILLACKEY_002,Killackey,2008,Australia,Oceania,RCT,Outpatient,FEP,SCID,41,80.5,21.4,2.3,6,0_6,trial_binary,employment,Competitive employment,Obtained competitive employment during 6-month follow-up period,period,,,,13,20,2,21,IPS + TAU,TAU,,,,,,,,,,,/,/,,,p<0.001,,,,,,RR,6.84,1.76,26.53,,,,,,,,,EPHPP,Strong,Strong,Strong,Strong,Strong,Yes,Strong,YN,HZ,
KILLACKEY_001,Killackey,2019,Australia,Oceania,RCT,Outpatient,FEP,SCID,146,69.2,20.4,2.4,12,0_6,proportion,employment,Competitive employment,Worked at least 1 day in paid employment during 6_12 month follow-up period,period,76,126,"Figure 1, p.3 Results",,,,,,,,,,,,,,,,,proportion,0.603,,,,,,,,,,,,,43.8,13,13.7,11.6,6.2,p.2 Participants,,,EPHPP,Strong,Strong,Moderate,Strong,Strong,Yes,Strong,YN,HZ,
KILLACKEY_002,Killackey,2019,Australia,Oceania,RCT,Outpatient,FEP,SCID,146,69.2,20.4,2.4,18,0_6,trial_binary,employment,Competitive employment,Worked at least 1 day in paid employment during 0_6 month follow-up period,period,,,,47,66,29,60,IPS + TAU,TAU,,,,,,,,,,,OR,3.4,1.17,9.91,0.025,p.4 Results,3.57,1.19,10.7,0.023,RR,1.47,1.09,1.99,,,,,,,,,EPHPP,Strong,Strong,Moderate,Strong,Strong,Yes,Strong,YN,HZ,
LIN_001,Lin,2026,Asia-Pacific,Asia,Cohort,Outpatient,FES,DSM-IV,474,65.6,28.6,7.9,18,18,proportion,employment,Competitive employment,Full- or part-time employment at 12-month follow-up,point,215,474,p.3 Results; p.4 Fig 1,,,,,,,,,,,,,,,,,proportion,0.454,,,,,,,,,,,,,,,,,,,,,EPHPP,Moderate,Weak,Moderate,Strong,Weak,Yes,Weak,YN,HZ,
MAJOR_001,Major,2010,UK,Europe,Cohort,Outpatient,FEP,Clinical diagnosis,114,62.3,24,4.6,12,0_12,proportion,employment,Competitive employment,Gained or returned to competitive employment at any point during the 12-month follow-up period,period,29,114,p.5 Table 2; Results,,,,,,,,,,,,,,,,,proportion,0.254,,,,,,,,,,,,,58,5,18,5,14,p.3 Measures£»p.4 Table 1,86 days,p.4 Table 1,EPHPP,Strong,Moderate,Moderate,Strong,Strong,Yes,Strong,YN,HZ,
MAJOR_002,Major,2010,UK,Europe,Cohort,Outpatient,FEP,Clinical diagnosis,114,62.3,24,4.6,12,0_12,trial_binary,employment,Competitive employment,Gained or returned to competitive employment at any point during the 12-month follow-up period,period,,,,16,44,13,70,VIBE£¨Specialist vocational intervention£©,TAU£¨EIS without VIBE£©,,,,,,,,,,,/,/,/,/,,,,,,,RR,1.96,1.04,3.68,,,,,,,,,EPHPP,Strong,Moderate,Moderate,Strong,Strong,Yes,Strong,YN,HZ,
NUECHTERLEIN_001,Nuechterlein,2020,USA,North America,RCT,Outpatient,FES,SCID,69,67,24.6,4,18,7_18,proportion,employment,Competitive employment,Competitive employment during at least part of the 7_18 month period,period,30,51,p.8 Figure 4,,,,,,,,,,,,,,,,,proportion,0.588,,,,,,,,,,,,,,,,,,,,,EPHPP,Moderate,Strong,Strong,Strong,Moderate,Yes,Strong,YN,HZ,
NUECHTERLEIN_002,Nuechterlein,2020,USA,North America,RCT,Outpatient,FES,SCID,69,67,24.6,4,18,7_18,trial_binary,employment,Competitive employment,Competitive employment during at least part of the 7_18 month period,period,,,,25,36,5,15,IPS + WFM,BVR + social skills training,,,,,,,,,,,/,/,,,0.02,,,,,,RR,2.08,1.19,3.64,,,,,,,,,EPHPP,Moderate,Strong,Strong,Strong,Moderate,Yes,Strong,YN,HZ,
POTHIER_001,Pothier,2019,Canada,North America,Cohort,Outpatient,FEP,DSM-IV,27,81.5,24.9,4.9,6,6,proportion,employment,Competitive employment,Full-time competitive occupation at 6-month follow-up,point,11,27,p.4 Results; Table 2,,,,,,,,,,,,,,,,,proportion,0.407,,,,,,,,,,,,,,,,,,,24.5 month,p.4 Table 2,EPHPP,Moderate,Weak,Moderate,Strong,Strong,Yes,Moderate,YN,HZ,
RINALDI_001,Rinaldi,2004,UK,Europe,Cohort,Outpatient,FEP,Clinical diagnosis,40,72,21,/,12,12,proportion,employment,Open employment,Competitive open employment at 12-month follow-up,point,9,22,p.3 Table 2,,,,,,,,,,,,,,,,,proportion,0.409,,,,,,,,,,,,,88,,,,12,p.2 Table 1,,,EPHPP ,Moderate,Weak,Weak,Moderate,Strong,Yes,Weak,YN,HZ,
RINALDI_001,Rinaldi,2010,UK,Europe,Cohort,Outpatient,FEP,Clinical diagnosis,166,69,22,3.24,24,12,proportion,employment,Open employment,Competitive open employment at 12-month follow-up,point,62,142,p.5 Table II,,,,,,,,,,,,,,,,,proportion,0.437,,,,,,,,,,,,,96,,,,4,p.4 Table I,,,EPHPP,Moderate,Weak,Weak,Moderate,Weak,Yes,Weak,YN,HZ,
ROSENHECK_001,Rosenheck,2017,USA,North America,Cohort,Outpatient,FEP,Clinical diagnosis,404,72.5,23,/,24,6,proportion,employment,Any participation in work,Any paid employment at 12-month follow-up,point,71,315,p.5 Results; p.6 Table 1,,,,,,,,,,,,,,,,,proportion,0.225,,,,,,,,,,,,,,,,,,,,,EPHPP ,Moderate,Strong,Strong,Strong,Moderate,Yes,Strong,YN,HZ,
ROSENHECK_002,Rosenheck,2017,USA,North America,Cohort,Outpatient,FEP,Clinical diagnosis,404,72.5,23,/,24,6,trial_binary,employment,Any participation in work,Any paid employment at 24-month follow-up,point,,,,38,182,33,133,NAVIGATE,Community Care,,,,,,,,,,,/,/,,,0.16,,,,,,RR,0.84,0.56,1.27,,,,,,,,,EPHPP ,Moderate,Strong,Strong,Strong,Moderate,Yes,Strong,YN,HZ,
TAPFUMANEYI_001,Tapfumaneyi,2014,UK,Europe,Cohort,Outpatient,FEP,ICD-10,1013,65.3,23.3 ,4.84,12,0_12,proportion,employment,Paid employment,Engaged in paid work£¨full or part-time£©at any point during the 1-year follow-up period,period,211,1013,p.4 Results,,,,,,,,,,,,,,,,,proportion,0.208,,,,,,,,,,,,,69.4,,8.9,8,13.7,p.4 Results,83days,p.4 Results,EPHPP,Moderate,Weak,Moderate,Strong,Strong,Yes,Moderate,YN,HZ,
TURNER_001,Turner,2019,Ireland,Europe,Cohort,Outpatient,FEP,Clinical diagnosis,39,51.3,38,10,2_44,2_44,proportion,employment,Paid employment,At least one month of paid employment during the follow-up period ,period,21,34,p.6 Results,,,,,,,,,,,,,,,,,proportion,0.618,,,,,,,,,,,,,46.2,25.6,,,28.2,p.5 Results,,,EPHPP,Moderate,Weak,Weak,Strong,Strong,Yes,Weak,YN,HZ,
VANDUIN_001,van Duin,2021,Netherlands,Europe,RCT,Outpatient,FEP,DSM-IV,73,71,27.05,5.6,18,18,proportion,employment,Competitive employment,In competitive employment at 18-month follow-up,point,25,56,p.5 Table 2,,,,,,,,,,,,,,,,,proportion,0.446,,,,,,,,,,,,,20.5,5.5,,2.7,71.3,Table 1,2.57 years,Table 1,EPHPP,Weak,Strong,Strong,Strong,Moderate,Yes,Moderate,YN,HZ,
VANDUIN_002,van Duin,2021,Netherlands,Europe,RCT,Outpatient,FEP,DSM-IV,73,71,27.05,5.6,18,18,trial_binary,employment,Competitive employment,In competitive employment at 18-month follow-up,point,,,,18,29,7,27,IPS + Cognitive Remediation£¨CR£©,IPS + control (computer games),,,,,,,,,,,/,/,,,,,,,,,RR,2.39,1.19,4.8,,,,,,,,,EPHPP,Weak,Strong,Strong,Strong,Moderate,Yes,Moderate,YN,HZ,
WILLIAMS_002,Williams,2016,Australia,Oceania,Cohort,Outpatient,FEP,Clinical diagnosis,11,54.5,21.5,2,6,6,proportion,employment,Job retention,Maintaining original competitive employment at 6-month follow-up,point,2,11,p.4 Table 3,,,,,,,,,,,,,,,,,proportion,0.182,,,,,,,,,,,,,90.9,,,,9.1,p.2 Table 2,,,EPHPP,Weak,Weak,Weak,Moderate,Strong,Yes,Weak,YN,HZ,
CHUA_002,Chua,2019,Singapore,Asia,Cohort,Outpatient,FEP,DSM-IV,1177,49.2,27.5,6.5,24,24,smd,symptoms,PANSS total,PANSS total score at 24 months,,,,p.3 Table 1,,,,,,,,,Meaningfully employed at 24 months,65.8,17.3,829,Unemployed at 24 months,69.9,17.5,348,,,,,,,,,,,,,,,,,,,,,,,EPHPP,Moderate,Weak,Moderate,Strong,Moderate,Yes,Moderate,YN,HZ,
CHUA_003,Chua,2019,Singapore,Asia,Cohort,Outpatient,FEP,DSM-IV,1177,49.2,27.5,6.5,24,24,smd,symptoms,PANSS negative,PANSS negative subscale score at 24 months,,,,p.3 Table 1,,,,,,,,,Meaningfully employed at 24 months,12.3,6.6,829,Unemployed at 24 months,15.1,8.1,348,,,,,,,,,,,,,,,,,,,,,,,EPHPP,Moderate,Weak,Moderate,Strong,Moderate,Yes,Moderate,YN,HZ,
CHUA_004,Chua,2019,Singapore,Asia,Cohort,Outpatient,FEP,DSM-IV,1177,49.2,27.5,6.5,24,24,smd,functioning,GAF disability,GAF disability subscale score at 24 months,,,,p.3 Table 1,,,,,,,,,Meaningfully employed at 24 months,46.2,13.5,829,Unemployed at 24 months,43.3,12.4,348,,,,,,,,,,,,,,,,,,,,,,,EPHPP,Moderate,Weak,Moderate,Strong,Moderate,Yes,Moderate,YN,HZ,
POTHIER_002,Pothier,2019,Canada,North America,Cohort,Outpatient,FEP,DSM-IV,27,81.5,24.9,4.9,6,6,correlation,cognition,Working memory£¨MCCB£©,MATRICS Consensus Cognitive Battery _ working memory domain T-score at baseline,,,,p.5 Table 3,,,,,,,0.38,27,,,,,,,,,,,,,,,,,,,,,,,,,,,,,,,EPHPP,Moderate,Weak,Moderate,Strong,Strong,Yes,Moderate,YN,HZ,
POTHIER_003,Pothier,2019,Canada,North America,Cohort,Outpatient,FEP,DSM-IV,27,81.5,24.9,4.9,6,6,correlation,cognition,Speed of processing£¨MCCB£©,MATRICS Consensus Cognitive Battery _ speed of processing domain T-score at baseline,,,,p.5 Table 3,,,,,,,0.39,27,,,,,,,,,,,,,,,,,,,,,,,,,,,,,,,EPHPP,Moderate,Weak,Moderate,Strong,Strong,Yes,Moderate,YN,HZ,
POTHIER_004,Pothier,2019,Canada,North America,Cohort,Outpatient,FEP,DSM-IV,27,81.5,24.9,4.9,6,6,correlation,cognition,Attention / vigilance£¨MCCB£©,MATRICS Consensus Cognitive Battery _ attention/vigilance domain T-score at baseline,,,,p.5 Table 3,,,,,,,0.36,27,,,,,,,,,,,,,,,,,,,,,,,,,,,,,,,EPHPP,Moderate,Weak,Moderate,Strong,Strong,Yes,Moderate,YN,HZ,
POTHIER_005,Pothier,2019,Canada,North America,Cohort,Outpatient,FEP,DSM-IV,27,81.5,24.9,4.9,6,6,correlation,cognition,Global cognition£¨MCCB£©,MATRICS Consensus Cognitive Battery _ global cognitive index composite T-score at baseline,,,,p.5 Table 3,,,,,,,0.32,27,,,,,,,,,,,,,,,,,,,,,,,,,,,,,,,EPHPP ,Moderate,Weak,Moderate,Strong,Strong,Yes,Moderate,YN,HZ,